epoch,stage,train_loss,train_g_loss,train_d_loss,val_psnr,val_ssim,val_lpips,learning_rate_g,learning_rate_d,batch_time,epoch_time,memory_usage,is_best_psnr,is_best_ssim,is_best_lpips
0,pretrain,0.2555835124850273,0,0,18.49032289505005,0,0,0.0001,0,1.3686533212661742,76.99514102935791,0.44997453689575195,True,False,False
1,pretrain,0.16723150312900542,0,0,19.843726892471313,0,0,0.0001,0,1.263610634803772,72.48236751556396,0.44997453689575195,True,False,False
2,pretrain,0.1416318479180336,0,0,20.843887166976927,0,0,0.0001,0,1.2289110612869263,69.32250475883484,0.44997453689575195,True,False,False
3,pretrain,0.12378081008791923,0,0,21.40586989402771,0,0,0.0001,0,1.2334237432479858,68.82436847686768,0.44997453689575195,True,False,False
4,pretrain,0.11795308321714401,0,0,21.860522947311402,0,0,0.0001,0,1.237158513069153,71.14708089828491,0.44997453689575195,True,False,False
5,pretrain,0.11224634945392609,0,0,22.159251203536986,0,0,0.0001,0,1.2336145544052124,70.17718362808228,0.44997453689575195,True,False,False
6,pretrain,0.10932822361588478,0,0,22.567063808441162,0,0,0.0001,0,1.2274740743637085,68.46203136444092,0.44997453689575195,True,False,False
7,pretrain,0.10369482204318047,0,0,22.963309230804445,0,0,0.0001,0,1.2273517036437989,70.6681261062622,0.44997453689575195,True,False,False
8,pretrain,0.09922455847263337,0,0,21.924275217056273,0,0,0.0001,0,1.2308456897735596,70.25897693634033,0.44997453689575195,False,False,False
9,pretrain,0.09714732825756073,0,0,22.905450954437256,0,0,0.0001,0,1.2310849189758302,68.6189169883728,0.44997453689575195,False,False,False
10,pretrain,0.09305925354361534,0,0,23.522537937164305,0,0,0.0001,0,1.2272086095809938,70.73855352401733,0.44997453689575195,True,False,False
11,pretrain,0.09268243372440338,0,0,23.392636127471924,0,0,0.0001,0,1.2300424003601074,70.37954688072205,0.44997453689575195,False,False,False
12,pretrain,0.08652891658246517,0,0,23.71175108909607,0,0,0.0001,0,1.2276077938079835,68.44874739646912,0.44997453689575195,True,False,False
13,pretrain,0.08739407539367676,0,0,23.657375116348266,0,0,0.0001,0,1.218027400970459,70.25315308570862,0.44997453689575195,False,False,False
14,pretrain,0.0866938054561615,0,0,23.85750705718994,0,0,0.0001,0,1.2281607818603515,69.08886337280273,0.44997453689575195,True,False,False
15,pretrain,0.08527429737150669,0,0,23.938330593109132,0,0,0.0001,0,1.225308780670166,68.35105156898499,0.44997453689575195,True,False,False
16,pretrain,0.08263192638754845,0,0,23.589857549667357,0,0,0.0001,0,1.2277154207229615,70.75489664077759,0.44997453689575195,False,False,False
17,pretrain,0.08341540962457657,0,0,24.01214433670044,0,0,0.0001,0,1.2279662656784058,69.33079791069031,0.44997453689575195,True,False,False
18,pretrain,0.08281782239675523,0,0,24.336330738067627,0,0,0.0001,0,1.238157367706299,69.10188961029053,0.44997453689575195,True,False,False
19,pretrain,0.08141322106122971,0,0,24.46552990913391,0,0,0.0001,0,1.2372209548950195,71.41039180755615,0.44997453689575195,True,False,False
0,gan,0,0.0982454439997673,0.5268763603270054,24.14919584274292,0.6745547497272492,0.41077000424265864,0.0001,0.0001,1.3147458934783935,75.12614941596985,0.7480316162109375,True,True,True
1,gan,0,0.0991687074303627,0.4095538427680731,24.104966983795165,0.6658598506450653,0.3864110280945897,0.0001,0.0001,1.4266646099090576,80.80788254737854,0.7483978271484375,False,False,True
2,gan,0,0.09870188146829605,0.18031370420008896,24.296154594421388,0.6714748904109001,0.36043627206236123,0.0001,0.0001,1.6775422668457032,91.35374522209167,0.7480316162109375,True,False,True
3,gan,0,0.09739515528082848,0.13926078686490656,24.31355216026306,0.6685236325860023,0.33505889508873227,0.0001,0.0001,1.6237530660629274,90.86563038825989,0.7483978271484375,True,False,True
4,gan,0,0.09881791427731514,0.18471506787929684,24.16283435821533,0.6604368191957474,0.3548254356905818,0.0001,0.0001,1.6423624706268312,91.64754033088684,0.7480316162109375,False,False,False
5,gan,0,0.0980924178659916,0.11564504987094551,24.045263605117796,0.6501930141448975,0.34507442481815814,0.0001,0.0001,1.4888826370239259,82.17258048057556,0.7483978271484375,False,False,False
6,gan,0,0.10130439057946206,0.15266074580315034,23.875437240600586,0.6491564881801605,0.35111936923116444,0.0001,0.0001,1.4169199228286744,80.13814067840576,0.7480316162109375,False,False,False
7,gan,0,0.1029388515651226,0.20394831525627524,24.080228271484376,0.6589739385247231,0.3395510885119438,0.0001,0.0001,1.4429088068008422,79.41898274421692,0.7483978271484375,False,False,False
8,gan,0,0.09607664182782173,0.11141522579011508,24.455542030334474,0.6706121414899826,0.35664404328912497,0.0001,0.0001,1.3996562623977662,79.41343688964844,0.7480316162109375,True,False,False
9,gan,0,0.09405135929584503,0.13504122155020012,24.325992259979248,0.6628137066960335,0.3324948424845934,0.0001,0.0001,1.4660368299484252,80.50088667869568,0.7483978271484375,False,False,True
10,gan,0,0.10002932652831077,0.34921071129851045,24.511566457748412,0.67803152769804,0.341299242451787,0.0001,0.0001,1.5279725694656372,83.57527208328247,0.7480316162109375,True,True,False
11,gan,0,0.09481031566858292,0.12644644066225738,23.847983236312867,0.642071985900402,0.32203111056238415,0.0001,0.0001,1.6566804885864257,92.47590804100037,0.7483978271484375,False,False,True
12,gan,0,0.09555639863014222,0.20626537203788758,24.091525230407715,0.6628244769573212,0.32571560084819795,0.0001,0.0001,1.6250102949142455,89.18352103233337,0.7480316162109375,False,False,False
13,gan,0,0.09856141164898873,0.2832239214680158,24.244227018356323,0.6604071065783501,0.3330315550789237,0.0001,0.0001,1.4430187606811524,81.07530403137207,0.7483978271484375,False,False,False
14,gan,0,0.08975030839443207,0.1034272387996316,24.454766178131102,0.6689995542168617,0.311942291893065,0.0001,0.0001,1.4563300704956055,80.32746577262878,0.7480316162109375,False,False,True
15,gan,0,0.09438194468617439,0.17655811763368548,24.420996656417845,0.6718000808358192,0.3164788694679737,0.0001,0.0001,1.5950436973571778,88.61579918861389,0.7483978271484375,False,False,False
16,gan,0,0.0974324905872345,0.11381101119332016,24.142489786148072,0.6511312046647072,0.31853519462049007,0.0001,0.0001,1.4450327444076538,80.19362783432007,0.7480316162109375,False,False,False
17,gan,0,0.09649112865328789,0.14818731009028852,24.448232307434083,0.6648795732855797,0.33806065153330567,0.0001,0.0001,1.4004604053497314,79.45215106010437,0.7483978271484375,False,False,False
18,gan,0,0.09446442656219006,0.13684681294253095,23.99393485069275,0.6544800972938538,0.3444139417260885,0.0001,0.0001,1.4533257627487182,79.90932941436768,0.7480316162109375,False,False,False
19,gan,0,0.09291452884674073,0.22966389038600027,24.565573310852052,0.6809433716535568,0.3377546739391983,0.0001,0.0001,1.4211021375656128,80.31878685951233,0.7483978271484375,True,True,False
20,gan,0,0.09509617984294891,0.057019502496114004,24.352422256469726,0.66779704362154,0.3242352892458439,0.0001,0.0001,1.6843702363967896,92.20970797538757,0.7480316162109375,False,False,False
21,gan,0,0.09531874611973762,0.2741662380611524,24.481044273376465,0.6713866084814072,0.323541045114398,0.0001,0.0001,1.4329231882095337,81.34277391433716,0.7483978271484375,False,False,False
22,gan,0,0.09163221076130867,0.16762799280695617,24.392014608383178,0.6748360309004784,0.3171700003743172,0.0001,0.0001,1.4481296014785767,81.27883720397949,0.7480316162109375,False,False,False
23,gan,0,0.09090700805187225,0.16777761178673245,24.038445806503297,0.65118009775877,0.3245103406533599,0.0001,0.0001,1.3907672739028931,78.79722595214844,0.7483978271484375,False,False,False
24,gan,0,0.09570601850748062,0.19685429834760726,23.167740058898925,0.630261894762516,0.3462761276960373,0.0001,0.0001,1.4314502334594728,78.69957876205444,0.7475433349609375,False,False,False
25,gan,0,0.09536835104227066,0.10934761103009805,24.552958641052246,0.670056540966034,0.3139130091294646,0.0001,0.0001,1.4046947574615478,79.44034051895142,0.7477264404296875,False,False,False
26,gan,0,0.09416809499263763,0.13060675002401695,24.318170185089112,0.670301621556282,0.3231696802005172,0.0001,0.0001,1.4268061923980713,78.9406168460846,0.7477874755859375,False,False,False
27,gan,0,0.09198966577649116,0.1136933380435221,24.100829401016234,0.6580003006756305,0.32810499146580696,0.0001,0.0001,1.445830101966858,80.61831545829773,0.7480316162109375,False,False,False
28,gan,0,0.0978370413184166,0.13139722769963555,24.178162317276,0.6674560931324959,0.3248742214217782,0.0001,0.0001,1.406337146759033,79.5747480392456,0.7487640380859375,False,False,False
29,gan,0,0.09589371621608735,0.16385499705327675,24.34471556663513,0.6623780426383018,0.31694692973047495,0.0001,0.0001,1.4400705766677857,79.12337160110474,0.7468719482421875,False,False,False
30,gan,0,0.09023147255182266,0.22888441526796668,24.545417575836183,0.6810031595826149,0.31922010485082863,0.0001,0.0001,1.4097099924087524,79.86679315567017,0.7469940185546875,False,True,False
31,gan,0,0.08872739300131798,0.1442509775282815,24.652680492401124,0.6807334011793137,0.3211120876297355,0.0001,0.0001,1.4713046598434447,81.1551148891449,0.7477874755859375,True,False,False
32,gan,0,0.09227803647518158,0.09770779906772077,24.60329207420349,0.673064324259758,0.3171418608352542,0.0001,0.0001,1.580596752166748,89.4455292224884,0.7475433349609375,False,False,False
33,gan,0,0.09310080587863923,0.12801535445963963,24.628276309967042,0.6706039687991142,0.31961051911115645,0.0001,0.0001,1.4396777772903442,79.20199799537659,0.7480926513671875,False,False,False
34,gan,0,0.091913470774889,0.13734658430912533,24.156213636398316,0.6587437342107296,0.30174381896853447,0.0001,0.0001,1.4109440279006957,79.18121838569641,0.7487640380859375,False,False,True
35,gan,0,0.09494302690029144,0.2876512713194825,24.791989231109618,0.6897114542126656,0.3047654129564762,0.0001,0.0001,1.4712823677062987,80.71794629096985,0.7480316162109375,True,True,False
36,gan,0,0.09251649141311645,0.10472309657605365,24.050274829864502,0.6566425739228725,0.2913770504295826,0.0001,0.0001,1.6401036548614503,91.5268623828888,0.7482757568359375,False,False,True
37,gan,0,0.09066162340342998,0.17827569743618368,24.31542374610901,0.6662912259995938,0.28968002639710905,0.0001,0.0001,1.5336064147949218,85.42749047279358,0.7473602294921875,False,False,True
38,gan,0,0.09489725217223167,0.10044254768523388,24.109058322906495,0.6580184280872345,0.3015323569625616,0.0001,0.0001,1.655306601524353,92.42079639434814,0.7473602294921875,False,False,False
39,gan,0,0.09574357062578201,0.1146117266616784,24.2941494846344,0.6673044209182263,0.3056014544516802,0.0001,0.0001,1.4846755361557007,83.31151533126831,0.7480316162109375,False,False,False
40,gan,0,0.09360164552927017,0.2382582746143453,24.303674726486207,0.6630232490599155,0.3054540637880564,0.0001,0.0001,1.4758881616592407,81.05564618110657,0.7471771240234375,False,False,False
41,gan,0,0.09084920093417168,0.13526045850710944,24.375176944732665,0.6668725530803203,0.29741826534271243,0.0001,0.0001,1.3999209117889404,79.26361393928528,0.7477264404296875,False,False,False
42,gan,0,0.08896770030260086,0.323492912389338,24.984410133361816,0.6909433256089688,0.29179635886102917,0.0001,0.0001,1.4580632448196411,80.08692741394043,0.7477264404296875,True,True,False
43,gan,0,0.08819263696670532,0.09205886288546025,24.534074087142944,0.6721398828923703,0.29211292739957573,0.0001,0.0001,1.6555794858932495,91.29773664474487,0.7477874755859375,False,False,False
44,gan,0,0.09015299066901207,0.1487447614315897,24.706267995834352,0.6755289018154145,0.29430102260783314,0.0001,0.0001,1.449428071975708,80.76897144317627,0.7480316162109375,False,False,False
45,gan,0,0.08938009455800057,0.2555763341113925,24.735532035827635,0.6769977553188801,0.2880940473265946,0.0001,0.0001,1.485167417526245,84.160893201828,0.7487640380859375,False,False,True
46,gan,0,0.08716032251715661,0.15489583743503318,24.797614002227782,0.6799745766818523,0.2871219061873853,0.0001,0.0001,1.590391993522644,86.80733680725098,0.7468719482421875,False,False,True
47,gan,0,0.08713934481143952,0.15822471347637473,24.95415470123291,0.6848273119330406,0.27111544765532014,0.0001,0.0001,1.4303498649597168,80.8592119216919,0.7469940185546875,False,False,True
48,gan,0,0.0891909396648407,0.13806337149813772,24.928209505081178,0.68275887966156,0.2634845163114369,0.0001,0.0001,1.4841206073760986,83.84257936477661,0.7477874755859375,False,False,True
49,gan,0,0.09049166411161423,0.18215900756651535,24.09565626144409,0.6594289381802082,0.28498421583324673,0.0001,0.0001,1.4838144922256469,81.65840029716492,0.7475433349609375,False,False,False
50,gan,0,0.08958981543779374,0.1233270984236151,24.886593723297118,0.6852364811301231,0.26833981070667506,0.0001,0.0001,1.455655689239502,80.13926720619202,0.7480926513671875,False,False,False
51,gan,0,0.08408280774950981,0.17589808696124237,24.964273700714113,0.6914857739210128,0.28134461749345063,0.0001,0.0001,1.4456208324432374,81.82712483406067,0.7487640380859375,False,True,False
52,gan,0,0.08899891749024391,0.08199036071600858,24.833331394195557,0.6809661254286766,0.2756021347083151,0.0001,0.0001,1.5758589553833007,86.40642619132996,0.7480316162109375,False,False,False
53,gan,0,0.09230264313519002,0.28548189483350145,25.244578676223753,0.6979720595479012,0.26839604252949356,0.0001,0.0001,1.43909574508667,81.44036650657654,0.7482757568359375,True,True,False
54,gan,0,0.08711603939533234,0.14320485757663845,24.54531081199646,0.6694764022529125,0.2714882793277502,0.0001,0.0001,1.6541818809509277,90.71581625938416,0.7473602294921875,False,False,False
55,gan,0,0.08658508017659187,0.2079326722724363,24.64760106086731,0.6688648815453052,0.2791097830235958,0.0001,0.0001,1.4633118152618407,81.78235936164856,0.7473602294921875,False,False,False
56,gan,0,0.08238395079970359,0.17492106911726296,25.04901626586914,0.6887283264100552,0.27406475788913665,0.0001,0.0001,1.4214441680908203,80.5015914440155,0.7480316162109375,False,False,False
57,gan,0,0.08510365337133408,0.3029513829061761,25.112569427490236,0.6972721388936043,0.2670138821750879,0.0001,0.0001,1.4892916536331178,82.60068392753601,0.7471771240234375,False,False,False
58,gan,0,0.08598817676305771,0.08759194013196975,24.95883271217346,0.6861944751441479,0.2632803661562502,0.0001,0.0001,1.619730486869812,89.16834926605225,0.7477264404296875,False,False,True
59,gan,0,0.0849054878950119,0.1678473796043545,24.733387069702147,0.6707572042942047,0.26865333343856035,0.0001,0.0001,1.6470786952972412,91.34662127494812,0.7477264404296875,False,False,False
60,gan,0,0.08840492814779281,0.18936337500810624,24.48999924659729,0.6653309363126755,0.26914720456115904,0.0001,0.0001,1.6359245824813842,91.50823044776917,0.7477874755859375,False,False,False
61,gan,0,0.08969029515981675,0.15716529882745817,24.530834550857545,0.673679940700531,0.2596431455388665,0.0001,0.0001,1.6014862203598021,89.24797058105469,0.7480316162109375,False,False,True
62,gan,0,0.0871508140861988,0.22923435057047756,24.94157361984253,0.6817256000638008,0.2425075436383486,0.0001,0.0001,1.7957957315444946,97.94955158233643,0.7487640380859375,False,False,True
63,gan,0,0.08535770766437054,0.20830433392198755,24.9534016418457,0.6776334030926228,0.24048544174060227,0.0001,0.0001,1.4717274904251099,80.69000434875488,0.7468719482421875,False,False,True
64,gan,0,0.08570053152740002,0.15644153790548443,24.880626888275145,0.681192766726017,0.2508220477029681,0.0001,0.0001,1.4395662212371827,79.59380340576172,0.7469940185546875,False,False,False
65,gan,0,0.0889784712344408,0.1846963485190645,25.174285230636595,0.692841410189867,0.24306089792400598,0.0001,0.0001,1.4209546661376953,78.8490629196167,0.7477874755859375,False,False,False
66,gan,0,0.08326775774359703,0.25143271140521395,24.967688007354738,0.6822464872896671,0.2482648053765297,0.0001,0.0001,1.395122423171997,79.13773155212402,0.7475433349609375,False,False,False
67,gan,0,0.08667854584753514,0.17896114147268236,25.014219312667848,0.6850016710162162,0.24689373277127744,0.0001,0.0001,1.467737741470337,80.76224327087402,0.7480926513671875,False,False,False
68,gan,0,0.08772676311433315,0.23085479226429015,25.00750141143799,0.6883755214512348,0.25131656270474195,0.0001,0.0001,1.4666722583770753,83.30751085281372,0.7487640380859375,False,False,False
69,gan,0,0.08631169304251671,0.09848134876228869,24.928831062316895,0.6778776827454567,0.2481307734362781,0.0001,0.0001,1.6032936143875123,90.73498940467834,0.7480316162109375,False,False,False
70,gan,0,0.08690098486840725,0.3411985111888498,25.356571321487426,0.7035378161072731,0.2645216756872833,0.0001,0.0001,1.6377622318267822,91.55688548088074,0.7482757568359375,True,True,False
71,gan,0,0.08749029085040093,0.09704852829221636,24.564716930389405,0.6806055274605751,0.24697770105674863,0.0001,0.0001,1.8893158674240111,103.99259924888611,0.7473602294921875,False,False,False
72,gan,0,0.08636757083237172,0.13113838536199182,24.88176507949829,0.6864101034402847,0.26280417719855903,0.0001,0.0001,1.7028635215759278,94.85789465904236,0.7473602294921875,False,False,False
73,gan,0,0.08264706388115883,0.1402822217787616,25.158323402404786,0.6942430874705314,0.25694836761802436,0.0001,0.0001,1.4845747613906861,83.58130621910095,0.7480316162109375,False,False,False
74,gan,0,0.08429300107061863,0.16303577556740492,25.223934564590454,0.7000551204383373,0.25268989788368346,0.0001,0.0001,1.4000801944732666,79.02230405807495,0.7471771240234375,False,False,False
75,gan,0,0.08522350817918778,0.0933431529486552,25.03883017539978,0.6878293234109879,0.24930921215564011,0.0001,0.0001,1.4395810222625733,79.16444420814514,0.7477264404296875,False,False,False
76,gan,0,0.08445488691329955,0.18657116346294061,25.4939054107666,0.7059195730090141,0.2569206677377224,0.0001,0.0001,1.4484819412231444,79.62119030952454,0.7477264404296875,True,True,False
77,gan,0,0.08430208787322044,0.1316755095636472,24.763778800964356,0.6917632403969765,0.24628741582855582,0.0001,0.0001,1.5813830375671387,87.88200998306274,0.7477874755859375,False,False,False
78,gan,0,0.08825036153197288,0.18369989713304677,25.126413536071777,0.6913212715089321,0.24857901563867926,0.0001,0.0001,1.5804327535629272,87.19308662414551,0.7480316162109375,False,False,False
79,gan,0,0.08450126335024834,0.0793066276377067,24.812739334106446,0.6680178372561931,0.26405010402202606,0.0001,0.0001,1.591739115715027,88.89181160926819,0.7487640380859375,False,False,False
80,gan,0,0.08430556535720825,0.19431770514464006,25.254110641479492,0.6957700917124748,0.24667619168758392,0.0001,0.0001,1.634330358505249,90.2860496044159,0.7468719482421875,False,False,False
81,gan,0,0.08868788719177247,0.2429601588798687,24.978901176452638,0.6894252188503742,0.2515943324193358,0.0001,0.0001,1.606531219482422,88.5512204170227,0.7469940185546875,False,False,False
82,gan,0,0.08650225892663002,0.13724518627393992,24.61472780227661,0.6731613528728485,0.2596543002128601,0.0001,0.0001,1.4360271215438842,81.18989729881287,0.7477874755859375,False,False,False
83,gan,0,0.090023003667593,0.1558095190417953,24.70594793319702,0.6794449456036091,0.2491592109762132,0.0001,0.0001,1.4536665725708007,80.54060554504395,0.7475433349609375,False,False,False
84,gan,0,0.08602279022336007,0.14784174684900792,24.89219229698181,0.684089475274086,0.24770566385239362,0.0001,0.0001,1.535056185722351,86.85805797576904,0.7480926513671875,False,False,False
85,gan,0,0.08232625611126423,0.1762293531978503,25.053603916168214,0.6870024737715721,0.2484327393397689,0.0001,0.0001,1.5435272789001464,85.27434253692627,0.7487640380859375,False,False,False
86,gan,0,0.088649320602417,0.1514064320945181,24.559876947402955,0.6653545854985714,0.25294355403631924,0.0001,0.0001,1.5007461881637574,85.16662359237671,0.7480316162109375,False,False,False
87,gan,0,0.08015958271920681,0.19419845884200185,25.285027551651,0.6983661767840386,0.24330292791128158,0.0001,0.0001,1.5668884563446044,86.85778427124023,0.7482757568359375,False,False,False
88,gan,0,0.08717172585427761,0.18454022332676687,25.45520626068115,0.7077415275573731,0.2474451116193086,0.0001,0.0001,1.5414563989639283,86.48112869262695,0.7473602294921875,False,True,False
89,gan,0,0.08199482068419456,0.20435881538316608,25.252201948165894,0.6978190875053406,0.2464321301318705,0.0001,0.0001,1.6207384824752809,89.51927995681763,0.7473602294921875,False,False,False
90,gan,0,0.08599392652511596,0.20743548219208605,25.381999473571778,0.699258456081152,0.23726294254884123,0.0001,0.0001,1.628047227859497,91.95992517471313,0.7480316162109375,False,False,True
91,gan,0,0.08351991079747677,0.18345203226956072,25.248273229599,0.6983311855793,0.25197438672184946,0.0001,0.0001,1.643060998916626,90.30754232406616,0.7471771240234375,False,False,False
92,gan,0,0.08543834991753102,0.24761235473677515,24.779463596343994,0.6710514214634895,0.25430773876607415,0.0001,0.0001,1.4943733549118041,84.157963514328,0.7477264404296875,False,False,False
93,gan,0,0.08303006671369076,0.13976292955921962,24.82983892440796,0.6748036983609199,0.23533397264778613,0.0001,0.0001,1.4496850061416626,79.74358558654785,0.7477264404296875,False,False,True
94,gan,0,0.08543849423527718,0.1561181694129482,24.976757764816284,0.6777074818313121,0.2562765176780522,0.0001,0.0001,1.424528284072876,80.79017424583435,0.7477874755859375,False,False,False
95,gan,0,0.08326800137758256,0.12683696309337392,24.958998184204102,0.6834664590656757,0.23585522992536426,0.0001,0.0001,1.448790144920349,79.7310574054718,0.7480316162109375,False,False,False
96,gan,0,0.0823659573495388,0.18136374108027667,25.00323921203613,0.6774396276474,0.23366954671218992,0.0001,0.0001,1.4200443077087401,79.89136171340942,0.7487640380859375,False,False,True
97,gan,0,0.08526970982551575,0.18679459078703076,24.52314245223999,0.6624879638850689,0.25017251843586563,0.0001,0.0001,1.6565592432022094,91.5316412448883,0.7468719482421875,False,False,False
98,gan,0,0.0833079019933939,0.3192403582436964,25.587809867858887,0.7105825835466385,0.24667742520570754,0.0001,0.0001,1.632011103630066,89.98597526550293,0.7469940185546875,True,True,False
99,gan,0,0.08130858369171619,0.13993775870185346,25.237169828414917,0.6898440811038017,0.2367879751883447,0.0001,0.0001,1.9485234832763672,108.73617744445801,0.7477874755859375,False,False,False
100,gan,0,0.08338934183120728,0.17505566498730332,25.499515438079833,0.7027646714448929,0.227037275088951,0.0001,0.0001,1.7373612880706788,96.45231294631958,0.7475433349609375,False,False,True
101,gan,0,0.0833853056281805,0.24181634184904396,25.255202808380126,0.6930896823108196,0.2316009740997106,0.0001,0.0001,1.5541947078704834,87.42101788520813,0.7480926513671875,False,False,False
102,gan,0,0.08053009040653705,0.10309758669231087,25.040234546661377,0.681347458511591,0.23744113775901496,0.0001,0.0001,1.5023842525482178,83.44202733039856,0.7487640380859375,False,False,False
103,gan,0,0.08188584752380848,0.1886029841401614,25.364098072052002,0.7023896321654319,0.24054756877943873,0.0001,0.0001,1.4795844841003418,81.33920073509216,0.7480316162109375,False,False,False
104,gan,0,0.08475392512977123,0.10740092837542761,25.29780888557434,0.6940287260711193,0.23049737460911274,0.0001,0.0001,1.4543505096435547,82.3748893737793,0.7482757568359375,False,False,False
105,gan,0,0.08326255246996879,0.23099978296551854,25.273462343215943,0.6968610420823097,0.23409591615200043,0.0001,0.0001,1.4782670974731444,81.41838312149048,0.7473602294921875,False,False,False
106,gan,0,0.08278213545680047,0.19526635418180377,25.228811931610107,0.6910393652319908,0.23220768286846577,0.0001,0.0001,1.4868025255203248,83.28548812866211,0.7473602294921875,False,False,False
107,gan,0,0.08179076455533504,0.17181423716014252,24.998826522827148,0.6902967977523804,0.23448565067723393,0.0001,0.0001,1.4582593584060668,82.03807735443115,0.7480316162109375,False,False,False
108,gan,0,0.08339332744479179,0.1643643576744944,24.67910325050354,0.669657401740551,0.244539264049381,0.0001,0.0001,1.6085771799087525,88.98456168174744,0.7471771240234375,False,False,False
109,gan,0,0.08007111631333828,0.21385029529687016,24.982609844207765,0.6868297627568245,0.21928820064291357,0.0001,0.0001,1.6115345001220702,88.68562984466553,0.7477264404296875,False,False,True
110,gan,0,0.08067467600107193,0.18120981080457568,25.026989068984985,0.6870517562329769,0.23392230493947863,0.0001,0.0001,1.6459009552001953,92.79755640029907,0.7477264404296875,False,False,False
111,gan,0,0.08218284480273724,0.23314433362567796,25.58141764640808,0.7097699564695358,0.2407206836435944,0.0001,0.0001,1.637512035369873,91.53002953529358,0.7477874755859375,False,False,False
112,gan,0,0.08377205885946751,0.10346774600213393,25.033993091583252,0.6847913697361946,0.2230994669906795,0.0001,0.0001,1.5560584497451782,87.27674674987793,0.7480316162109375,False,False,False
113,gan,0,0.0850843346863985,0.19935295446775853,24.905778064727784,0.6928743714094162,0.22832209141924978,0.0001,0.0001,1.4745202159881592,81.60770654678345,0.7487640380859375,False,False,False
114,gan,0,0.0836164714396,0.11263480615802109,24.874606857299806,0.6736259898543357,0.23646480465307831,0.0001,0.0001,1.4311810970306396,81.87908887863159,0.7468719482421875,False,False,False
115,gan,0,0.08246413543820381,0.12871698541333898,25.043137855529785,0.6895026567578316,0.22215704415924847,0.0001,0.0001,1.4765338230133056,83.00799560546875,0.7469940185546875,False,False,False
116,gan,0,0.08305977933108806,0.2316044774861075,25.625438232421875,0.7102219763398171,0.24636835948564112,0.0001,0.0001,1.4792780733108521,81.85900354385376,0.7477874755859375,True,False,False
117,gan,0,0.08000141441822052,0.15853846485260875,25.153548316955565,0.6931765693426132,0.2356660808250308,0.0001,0.0001,1.5509860563278197,87.33553099632263,0.7475433349609375,False,False,False
118,gan,0,0.08015212163329125,0.27151143361348656,25.284989433288573,0.6884950394928455,0.22472224396653473,0.0001,0.0001,1.7202700090408325,95.67595410346985,0.7480926513671875,False,False,False
119,gan,0,0.07776413567364215,0.1037295352946967,25.39327254295349,0.7017827439308166,0.23481178275309503,0.0001,0.0001,1.6612037420272827,91.39683604240417,0.7487640380859375,False,False,False
120,gan,0,0.08017295733094215,0.14749308740720152,25.309084758758544,0.6950284963846207,0.2286704000364989,0.0001,0.0001,1.6665374374389648,93.47623324394226,0.7480316162109375,False,False,False
121,gan,0,0.08390532933175564,0.2484976219024975,25.321394901275635,0.7027177041769028,0.22873940413817764,0.0001,0.0001,1.6301520156860352,92.07677412033081,0.7482757568359375,False,False,False
122,gan,0,0.08048561662435531,0.17957501579076052,25.334799852371216,0.7018554332852364,0.22371409428305924,0.0001,0.0001,1.5334898519515991,84.1214919090271,0.7473602294921875,False,False,False
123,gan,0,0.0831828785687685,0.13952899172902108,25.388088150024416,0.6946252317726612,0.2206262660305947,0.0001,0.0001,1.4446817636489868,81.90109419822693,0.7473602294921875,False,False,False
124,gan,0,0.08389290310442447,0.2031150877289474,24.77365279197693,0.6666232946515084,0.22909126084297896,0.0001,0.0001,1.4721011781692506,81.51540112495422,0.7480316162109375,False,False,False
125,gan,0,0.08249429531395436,0.1705267238302622,25.45653673171997,0.699155350625515,0.2330297297332436,0.0001,0.0001,1.4518562078475952,81.34125685691833,0.7471771240234375,False,False,False
126,gan,0,0.08322717599570752,0.23232689746655524,24.986964197158812,0.6833767957985402,0.22707230243831872,0.0001,0.0001,1.4770210075378418,83.4890604019165,0.7477264404296875,False,False,False
127,gan,0,0.08165130861103535,0.13094799930695444,25.462853813171385,0.7077922111749649,0.2257652460038662,0.0001,0.0001,1.5527687025070191,87.09346222877502,0.7477264404296875,False,False,False
128,gan,0,0.0800486946105957,0.1823049387987703,25.48486689567566,0.6998137265443802,0.2185499038361013,0.0001,0.0001,1.6477587747573852,91.31416583061218,0.7477874755859375,False,False,True
129,gan,0,0.08625029347836971,0.23041860272176565,25.103788995742796,0.6880182975530624,0.22236040499992668,0.0001,0.0001,1.66620108127594,94.29775500297546,0.7480316162109375,False,False,False
130,gan,0,0.0798176035284996,0.22116959086852148,25.749604778289793,0.7177616623044014,0.23763836532831192,0.0001,0.0001,1.6709933519363402,93.59376001358032,0.7487640380859375,True,True,False
131,gan,0,0.0802426689863205,0.10784766276367008,25.354507446289062,0.6916356769204139,0.22308752579614521,0.0001,0.0001,1.800016918182373,100.45182418823242,0.7468719482421875,False,False,False
132,gan,0,0.08108998976647853,0.2431836559996009,25.43343183517456,0.7006364262104035,0.20868471500463784,0.0001,0.0001,1.5787535429000854,88.7388243675232,0.7469940185546875,False,False,True
133,gan,0,0.07926483079791069,0.21776816204423086,25.42106161117554,0.7002982592582703,0.2248797361087054,0.0001,0.0001,1.6647447299957276,93.10802268981934,0.7477874755859375,False,False,False
134,gan,0,0.08197469383478165,0.11286711290944368,24.92947633743286,0.6901784878969193,0.23044682011008263,0.0001,0.0001,1.5158603048324586,85.643709897995,0.7475433349609375,False,False,False
135,gan,0,0.08141699880361557,0.22825947470963,25.61153388977051,0.707960467338562,0.2187948847282678,0.0001,0.0001,1.485924196243286,81.77209973335266,0.7480926513671875,False,False,False
136,gan,0,0.08141739450395108,0.1705129774287343,24.995242261886595,0.6778264380991459,0.22367958161979914,0.0001,0.0001,1.5955568981170654,88.14862847328186,0.7487640380859375,False,False,False
137,gan,0,0.07995794326066971,0.12630022222176193,25.327327394485472,0.7028148114681244,0.21970478106290103,0.0001,0.0001,1.6453572702407837,92.906170129776,0.7480316162109375,False,False,False
138,gan,0,0.08357702575623989,0.21517558103427292,25.460992050170898,0.6989940652251243,0.21843944126740097,0.0001,0.0001,1.6388581323623657,92.52774500846863,0.7482757568359375,False,False,False
139,gan,0,0.08234539061784744,0.14587840956985018,25.39943486213684,0.7009798908233642,0.2174503703135997,0.0001,0.0001,1.6350894165039063,92.38442516326904,0.7473602294921875,False,False,False
140,gan,0,0.07728595621883869,0.048607697109691796,25.475443105697632,0.7012867200374603,0.2201703141350299,0.0001,0.0001,1.6025160074234008,89.32316470146179,0.7473602294921875,False,False,False
141,gan,0,0.07930441677570343,0.31912880335003135,25.757206554412843,0.7168832010030747,0.2298949261708185,0.0001,0.0001,1.4440682935714722,81.88141989707947,0.7480316162109375,True,False,False
142,gan,0,0.0787425833940506,0.0509115083492361,25.605670413970948,0.7095676460862159,0.22395532570779322,0.0001,0.0001,1.5336235761642456,86.29343724250793,0.7471771240234375,False,False,False
143,gan,0,0.08377565972507,0.34964266390306875,25.7700154876709,0.7180599489808083,0.23571765233762562,0.0001,0.0001,1.491682949066162,82.51579117774963,0.7477264404296875,True,True,False
144,gan,0,0.07589679777622223,0.06847848768346011,25.413769149780272,0.7030137079954147,0.21995047576725482,0.0001,0.0001,1.6740750169754028,94.11074423789978,0.7477264404296875,False,False,False
145,gan,0,0.08062481015920639,0.12688233606051655,25.421418333053587,0.7019633358716965,0.22338481361977755,0.0001,0.0001,1.6806616544723512,94.97321438789368,0.7477874755859375,False,False,False
146,gan,0,0.07950178302824497,0.22584269730374218,25.134610967636107,0.6849581511318683,0.20979040805250407,0.0001,0.0001,1.6622746038436889,93.28341507911682,0.7480316162109375,False,False,False
147,gan,0,0.0781746482104063,0.11941916272975504,25.329753427505494,0.7090604254603385,0.2273759078606963,0.0001,0.0001,1.6438731956481933,91.78981161117554,0.7487640380859375,False,False,False
148,gan,0,0.07919406197965145,0.07723066446837037,25.225494937896727,0.6905678416788578,0.22099468822591006,0.0001,0.0001,1.4805069255828858,82.64815592765808,0.7468719482421875,False,False,False
149,gan,0,0.07861286342144012,0.16821591879008338,25.678164281845092,0.7108744063973427,0.23151513805612922,0.0001,0.0001,1.4439084815979004,81.36920595169067,0.7469940185546875,False,False,False
